Tweet URL,Tweet Content,Relevant Article URL,Article supports the tweet?,Is Tweet Content Valid
https://twitter.com/MeerraChopra/status/1243518717419556866,"Ok guys now this, i have nothing to say anymore!! COVID-19: Chinese health authorities confirm patient zero ‚Äòhad sex with bats‚Äô https://t.co/e2nM2aIWVM",https://www.boomlive.in/fake-news/fake-news-site-invents-story-about-covid-19-patient-zero-having-sex-with-bats-7407,FALSE,FALSE
https://twitter.com/Coach_Leach/status/1047275239355236352,"Lottery winner arrested for dumping $200,000 of manure on ex-boss‚Äô lawn https://t.co/wct2j1bbK4",https://www.snopes.com/fact-check/lottery-winner-arrested-dumping-200000-manure-lawn-former-boss/,FALSE,FALSE
https://twitter.com/sguggenheim/status/995963606209527808,"Watch how the World changes, as the American President shows strength and resolve. President Trump is making History, ib front of our eyes,, every day... North Korea Agrees To Open Its Doors To Christianity https://yournewswire.com/north-korea-open-christianity/",https://www.thepoachedegg.net/2018/05/north-korea-agrees-to-open-its-doors-to-christianity.html,TRUE,FALSE
https://twitter.com/renovationship/status/967216412476497921,Donald trump ends school shootings by banning schools...,https://bangaloremirror.indiatimes.com/bangalore/others/resident-warrior-being-prepared-during-an-emergency/articleshow/63160946.cms,FALSE,FALSE
https://twitter.com/TrenditGh/status/1159154169535770625,New Jersey Brother And Sister Allowed To Marry After 10-Year-Long Court Battle. #trenditgh #puredrive http://trenditonline.com/Toptrend/new-jersey-brother-and-sister-allowed-marry-after-10-year-long-court-battle/,https://worldnewsdailyreport.com/new-jersey-brother-and-sister-allowed-to-marry-after-10-year-long-court-battle/,TRUE,FALSE
https://twitter.com/TheCapeTownWhig/status/1039214434563043328,Hairdresser arrested for making voodoo dolls from customers' hair https://buff.ly/2Qf20ng,https://leadstories.com/hoax-alert/2018/09/fake-news-hairdresser-arrested-for-making-voodoo-dolls-from-customers-hair.html,FALSE,FALSE
https://twitter.com/LatestComments/status/1271555546756366337,George Floyd: Trump 'generally' supports ending chokeholds for police - http://latestcommentary.com/george-floyd-trump-generally-supports-ending-chokeholds-for-police/ #LatestComments,https://www.bbc.com/news/world-us-canada-53026389,TRUE,TRUE
https://twitter.com/Charlotte3003G/status/1271007125163122688,Oct 2019. Not good. New Scientist has obtained a legal agreement between #Google‚Äôs health division and the UK National Health Service (#NHS) that includes provision to pass five years‚Äô worth of #patientdata in bulk as part of a contract novation process. https://techcrunch.com/2019/10/22/google-has-used-contract-swaps-to-get-bulk-access-terms-to-nhs-patient-data/amp/?__twitter_impression=true,https://www.healthcareitnews.com/news/europe/uk-government-releases-details-covid-19-data-sharing-deals-big-tech-firms-after-legal,TRUE,TRUE
https://twitter.com/jeansnow/status/1271076357636841472,"I‚Äôve often thought about wanting to do the same at some point in my life, more on the outskirts of Tokyo, maybe in Kamakura or Takao/Okutama. Their house looks amazing. https://t.co/9y7VDCzwBI",https://edition.cnn.com/travel/article/japanese-country-real-estate/index.html,TRUE,TRUE
https://twitter.com/WMilitaryNews/status/1271279853116043266,Read News: Trump Issues Executive Order Authorising Sanctions Against ICC Officials Over Afghanistan Probe ‚Üí https://worldmilitarynews.com/u/YMvz4 Yer k√ºre Amerika #WorldMilitaryNews,https://sputniknews.com/us/202006111079585077-trump-sanctions-against-icc-officials-over-afghanistan-probe/,TRUE,TRUE
https://twitter.com/elenaevdokimov7/status/1271383940654174214,"1/ Swedish doctor Jon Tallinger: they couldn't care less, leaving elderly COVID patients to die More than 90% of deceased from #COVID19 are Swedes over 60 years old, with over 80s took the biggest hit (>66%).",https://sputniknews.com/analysis/202006091079568117-they-couldnt-care-less-swedish-authorities-are-leaving-elderly-covid-patients-to-die-doctor-says/,TRUE,TRUE
https://twitter.com/RollingStone/status/1271585576869920770,"Taylor Swift calls for permanent removal of Tennessee monuments that ""celebrate racist historical figures"" https://t.co/ksXSGIIv0H",https://www.theguardian.com/music/2020/jun/12/taylor-swift-monuments-that-celebrate-racist-figures-make-me-sick,TRUE,TRUE
https://twitter.com/IDAddictUSA/status/1271596609294524421,Lawyer Says Buffalo Protester Pushed by Cops Has Brain Injury ‚Å¶ @people ‚Å©https://t.co/qxBClv4rXz,https://news.sky.com/story/black-lives-matter-elderly-protester-suffers-brain-injury-after-being-shoved-to-the-ground-by-us-police-officers-12005559,TRUE,TRUE
https://twitter.com/WinnipegNews/status/1271489960307294208,Canada encouraging Iran to ship black boxes to France as soon as possible https://t.co/wVksBv2NvS,https://globalnews.ca/news/7060343/canada-iran-plane-crash-black-boxes/,TRUE,TRUE
https://twitter.com/MailOnline/status/1271593381408407559,"French police unionists fire blue flares with a banner reading 'No police, no peace' https://t.co/dopRNJCD9G",https://www.cbsnews.com/news/french-police-march-to-protest-reforms-aimed-at-addressing-racism-today-in-paris-2020-06-12/,TRUE,TRUE
https://twitter.com/usacustomers/status/1271536269210931207,#Arab Envoy Warns #Israelis That Annexation Threatens Warming Ties https://t.co/SoLS3YwZHl,https://www.nytimes.com/2020/06/12/world/middleeast/west-bank-annexation-israel-uae.html,TRUE,TRUE
https://twitter.com/hannaziady/status/1271489871996227586,"Beverages is the only 'food' category in which the UK has a trade surplus, largely thanks to whisky exports. Most of its fresh produce is imported from Europe. Graphic inside --> https://edition.cnn.com/2020/06/12/business/brexit-uk-border-controls/index.html via @CNNBusiness",https://www.9news.com.au/world/coronavirus-uk-post-brexit-border-checks-delayed/b1530d0c-617e-46f3-bbef-a7faac2845ff,TRUE,TRUE
https://twitter.com/trscoop/status/1271082631686488064,"Trump threatens to retake Seattle from ‚Äúugly Anarchists‚Äù if Governor, Mayor don‚Äôt‚Ä¶ https://wp.me/pqwpd-1lqn",https://www.telegraph.co.uk/news/2020/06/12/seattle-mayor-tells-trump-go-back-bunker-escalation-tensions/,TRUE,TRUE
https://twitter.com/shehzadyounis/status/1271499646968438784,WHO says vaccine should be a global public good US stocks recover but rebound loses steam https://t.co/iEWvT0mBp6,https://www.straitstimes.com/world/europe/who-chief-tedros-calls-for-any-covid-19-vaccine-to-be-shared-as-a-public-good,TRUE,TRUE
https://twitter.com/parscale/status/1268516884061794306,"This is nuts. @LEGO_Group is removing playsets featuring police, firefighters & emergency vehicles. Even ditching an adult White House kit. We ought to stress the good in law enforcement for kids. What does @JoeBiden think about LEGO erasing cops?",https://thesource.com/2020/06/08/lego-blm/,FALSE,FALSE
https://twitter.com/MichaelRapaport/status/1271163608093716480,"They removed GONE WITH THE WIND? The shows COPS,LIVE PD & Paw Patrol all got cancelled literally & figuratively? I say cancel COPLAND next & the tv show FRIENDS today. WTF? #PawPatrol Disruptive new @iamrapaport ia here: http://Luminary.link/RAPAPORT",https://www.pennlive.com/life/2020/06/paw-patrol-canceled-report-highlighting-backlash-against-nickelodeon-cartoon-sparks-social-media-debate.html,FALSE,FALSE
https://twitter.com/billslater/status/1271061837539311616,#Yuge! Still can't figure out how the #ObamaFoundation knew #GeorgeFloyd was going to die 8 days BEFORE he died. Are they #Psychic or what? RIP George Floyd ==== #WWG1WGA #TheGreatAwakening #√É‚àë√É√ü√É¬¢√É¬∫√É¬ß√ï√†√É¬∫√É¬¥√É√£√É√¶Q√É‚àè√É¬∫√ï√Æ√ï√Ø√É√≥√ï√∂√É√º√É√¢√É√ë√É√ë√ï√πa√É‚àë√É√ª√É√≥√É‚à´√É√™√É√Æ√É√∂¬∑œÄ√°√É‚àÇ√É¬Æ√É¬¢√É¬∂√ï√∂√ï√∂√É√∫√ï√°√É√ò√É√¢√É√¨√É√´√É√¢√É√®√ï√£√É√Ø√ï√π‚àö‚àÇ√É¬•√É¬∞√É√º√É‚Ä¢√ï√Æ√É√º√É√ª√É√ò√É‚Ä†√É‚â•√É√Ö√ï√ñ¬∑œÄ√°√É¬µ√É¬¥√É‚â†√ï√Æ√É√†√É√Ö√É√¨√ï√ú√É√ë√É√†√É√Ö√É√£√É√†√É√Ö√É√¨√ï√≤√ï‚Ä†,https://apnews.com/afs:Content:8996695467,FALSE,FALSE
https://twitter.com/GloryOfGodney/status/1267495747274117121,MSNBC used a clip from World War Z and pretended it was footage of the riots. I am fucking done Ô£ø√º√≠√ÑÔ£ø√º√≠√ÑÔ£ø√º√≠√Ñ #protests2020 #AntifaTerrorist #Antifa #FakeNews,https://apnews.com/afs:Content:8987580420,FALSE,FALSE
https://twitter.com/byrakeshsimha/status/1240793356852068352,"Greta Thunberg invited the Chinese to stop using chopsticks to save trees. Chinese invited her to go back to school and learn chopsticks are made from bamboo, a grass. They also suggested she stop using toilet paper because that's certainly made from trees. Greta: ""How dare you?""",https://www.reuters.com/article/uk-factcheck-greta-thunberg-chopsticks/false-claim-greta-thunberg-told-chinese-and-japanese-governments-to-stop-using-chopsticks-idUSKBN22P2PV,FALSE,FALSE
https://twitter.com/onejacobkelly/status/1269578987430387712,"SAD NEWS #coronavirus claims a BLACK BELT. CHUCK NORRIS, Dead at 80. Carlos Ray ‚Äö√Ñ√∫Chuck‚Äö√Ñ√π Norris, famous actor & fighter, died yesterday afternoon at his home in Northwood Hills, TX Chuck & Gillard Starred in dozens of movies and Tv series #RIPChuckNorris #Siaya",https://www.cinemablend.com/television/2547945/once-again-no-chuck-norris-is-not-dead-but-he-did-hit-a-milestone-this-year,FALSE,FALSE
https://twitter.com/donwinslow/status/1260711813068414976,"""I love the poorly educated"" --Donald Trump, 2016",https://twitter.com/donwinslow/status/1260711813068414976,TRUE,TRUE
https://twitter.com/npr/status/1269355046199865346,"Tear gas chemicals are banned in warfare. Their use against civilians as ""riot control agents"" is not. Experts say using them during the pandemic is especially problematic, as they cause people to cough droplets and set back the body's antiviral defense.",https://edition.cnn.com/2020/06/08/us/military-tear-gas-protesters-trnd/index.html,TRUE,TRUE
https://twitter.com/i/web/status/1268466396960296960,"US President Donald Trump appears as the first result of suggested accounts when users type ‚Äö√Ñ√∫racist‚Äö√Ñ√π into Twitter‚Äö√Ñ√¥s people search, it emerged Wednesday.",https://www.bangkokpost.com/world/1929200/searching-racist-on-twitter-brings-up-trump-as-top-result,TRUE,TRUE
https://twitter.com/SwarajyaMag/status/1270973897270157314,"Maharashtra: 50,000-Year-Old Lonar Lake In Buldhana Turns Pink; Locals Surprised",https://edition.cnn.com/2020/06/11/asia/lake-lonar-pink-india-intl-hnk-scli/index.html,TRUE,TRUE
https://twitter.com/ACLU/status/1271123787065503746,BREAKING: Microsoft just announced it will not sell face recognition technology to the police.,https://www.reuters.com/article/us-microsoft-facial-recognition/microsoft-bans-face-recognition-sales-to-police-as-big-tech-reacts-to-protests-idUSKBN23I2T6,TRUE,TRUE
https://twitter.com/i/web/status/1271335422736695296,"Twitter on Friday said it had removed tens of thousands of ‚Äö√Ñ√∫state linked‚Äö√Ñ√π accounts used by China, Russia and Turkey to push their own propaganda, sow misinformation or attack critics.",https://www.dw.com/en/twitter-removes-state-linked-accounts-used-by-china-russia-and-turkey/a-53780815,TRUE,TRUE
https://twitter.com/mariabartiromo/status/1262800200277639168,"Restaurants adding coronavirus surcharge to cover pricier food, PPE http://ow.ly/xEz730qHqbF @MorningsMaria @FoxBusiness",https://abc7news.com/coronavirus-covid-19-surcharges-business/6239451/,TRUE,TRUE
https://twitter.com/MoneCharl/status/1244516569335697408,Use a hair dryer or a drier. Very Hot hair will kill virus. Check with epidemiologist,https://globalnews.ca/news/6725349/hair-dryer-coronavirus-cure/,FALSE,FALSE
https://twitter.com/SteveKuzj/status/1219993481747169281,This lady doesn‚Äö√Ñ√¥t look too happy that her street is filled with foam. Expressionless face A storm along the coast of Spain created tons of sea foam and sent it crawling into dozens of towns.,https://www.foxnews.com/world/sea-foam-spain-storm-gloria-flood-winter-weather-seawater-tossa-de-mar,TRUE,TRUE
https://twitter.com/amyslanchik/status/1200177630793863169,"Kiefer Police Chief Johnny O‚Äö√Ñ√¥Mara says one of his officers picked up five cups of coffee today at the Glenpool @Starbucks for his dispatchers, as a thank you for working on Thanksgiving. ‚Äö√Ñ√∫PIG‚Äö√Ñ√π was printed on all five labels, he says. @NewsOn6",https://edition.cnn.com/2019/11/28/us/oklahoma-police-starbucks-pig-label/index.html,TRUE,TRUE
https://twitter.com/arlbostonrescue/status/1199700322307989504,"President Trump signed the #PACT Act into law, creating the 1st federal felony for animal cruelty ‚Äö√Ñ√Æ a significant step for animal protection nationwide, & will help prosecute some of the most egregious acts of cruelty. TY to all who helped get this law across the finish line!",https://abcnews.go.com/Politics/president-trump-sign-animal-cruelty-bill-law-making/story?id=67295654,TRUE,TRUE
https://twitter.com/hillbeverlyhill/status/1191073545931153408,"So trump volunteered to help Russia with their fires but threatens to cut off aid to California as they tackle their forest fires! If this is not treason, what is? If this does not show he puts Russia first, then what else does?",https://www.newsweek.com/trump-threatens-withdraw-aid-california-wildfires-1469873,TRUE,TRUE
https://twitter.com/michaeltanchum/status/1185128900764094464,Mannaggia! Italian President's translator's shocked face as Trump calls him President Mozzarella (and speaks of the ancient Roman heritage underpinning US-Italy relations),https://factcheck.afp.com/no-us-president-donald-trump-did-not-call-italian-president-sergio-mattarella-mozzarella,FALSE,FALSE
https://twitter.com/Colincompton10/status/1271387976484950023,"Sadly this is George Floyds victim. BLM! Aracely Henriquez, kidnapped & cruelly Beaten.  Any person capable of this should not be made a martyr. Unite against all criminals.",http://www.itechpost.com/articles/102958/20200612/fact-check-george-floyds-criminal-past-include-assulting-aracely-henriquez.htm,FALSE,FALSE
https://twitter.com/J_87d/status/1270333003131228164,"The Statue of Winston Churchill has been vandalised during nearly every mass protest in London, for years. May Day protests, anti capitalism demo's, Student protests. Where were the 'Football Lads' then? Where was the @bluecollartory_
 group?

Nowhere. Because white people did it.",http://news.bbc.co.uk/2/hi/uk_news/740524.stm,TRUE,TRUE
https://twitter.com/sarah_turnnidge/status/1269646528622272513,The moment a statue of slave trader Edward Colston toppled into Bristol‚Äôs harbour. ‚ÄòIt‚Äôs what he deserves. I‚Äôve been waiting all my life for this moment‚Äô someone told me in the moments after.,https://www.bbc.com/news/uk-england-bristol-53034050,TRUE,TRUE
https://twitter.com/chxrdelia/status/1069330981130330112,fun fact: pandas will fake pregnancy to get special treatment and more food,https://www.washingtonpost.com/news/speaking-of-science/wp/2014/08/27/famous-giant-panda-fakes-pregnancy-gets-nice-things/,TRUE,FALSE
https://twitter.com/eileeniorio/status/1257701456775450626,"""There's no reason to be walking around with a mask. 
When you're in the middle of an outbreak wearing a mask might make people *feel* a little bit better, and it might even block a droplet, but it's not providing the perfect protection people think that it is"" - Dr. Fauci NIAID",https://www.snopes.com/fact-check/fauci-masks-no-longer-needed/,FALSE,FALSE
https://twitter.com/junni_bug/status/1269449983360741376,"If you're protesting in Lincoln or Omaha, NE on JUNE 13, please read this! I'm not sure if this will really happen or not I saved this from Facebook to repost please be careful! This is a Craigslist ad for ANTIFA for ""protesters"" to ""Cause as much chaos and destruction possible""",https://www.buzzfeednews.com/article/annehelenpetersen/antifa-rumors-george-floyd-protests,FALSE,FALSE
https://twitter.com/flatearthturkey/status/1086232817577672704,"#10YearChallenge #10yrschallenge 

THE EARTH IS FLAT... #FlatEarth #D√ºzD√ºnya",https://www.bbc.co.uk/bitesize/clips/zd3fb9q,FALSE,FALSE
https://twitter.com/MadisonSedona/status/1271673189181960193,"Conclusions:
-Covid was similar to flu
-Lockdowns unnecessary
-Deaths were not due TO virus, but WITH virus
-Most vulnerable, elderly could've been protected using conventional methods
-Face mask use is unscientific & can endanger health
-Vaccination won't be successful",https://www.sciencefocus.com/news/face-mask-use-needed-to-prevent-covid-19-second-wave/,FALSE,FALSE
https://twitter.com/RoyalCentral/status/1271734330155548673,Strict social distancing measures are in place for everybody present in Windsor today to mark The Queen's official birthday #TroopingTheColour,https://www.theguardian.com/uk-news/2020/jun/13/queens-birthday-marked-with-socially-distanced-event-at-windsor-castle?utm_term=Autofeed&CMP=twt_gu&utm_medium&utm_source=Twitter#Echobox=1592056277,TRUE,TRUE
https://twitter.com/ANI/status/1271659618083598337,Parts of Beijing locked down due to fresh virus cluster: AFP news agency. #COVID19,https://www.nytimes.com/2020/06/13/world/asia/beijing-market-coronavirus.html?smid=tw-nytimes&smtyp=cur,TRUE,TRUE
https://twitter.com/Kshlz/status/1271797184971911168,Atlanta Police killed a man running away from them last night. DEFUND THE  FUCKING POLICE. @KeishaBottoms,https://www.ajc.com/news/crime--law/man-shot-killed-atlanta-police-wendy-drive-thru/rUUFN6yfvgsevgIc2Q7ZkJ/,TRUE,TRUE
https://twitter.com/dailybugle1898/status/1271689044645249026,"ANOTHER ONE BITES THE DUST The leader of al-Qa‚Äôeda in North Africa & the Sahel was killed by French forces in northern Mali, following a seven-year hunt. Abdelmalek Droukdel, an Algerian, had commanded al-Qa‚Äôeda in the Islamic Maghreb for 15 years.",https://www.bbc.com/news/world-africa-52943692?at_custom3=%40BBCBreaking&at_medium=custom7&at_campaign=64&at_custom2=twitter&at_custom1=%5Bpost+type%5D&at_custom4=6B88B9C0-A76C-11EA-8581-C8E7923C408C,TRUE,TRUE
https://twitter.com/808inthe818/status/1271595092411744257,"William Sessions, the only FBI Director to serve under George H.W. Bush, has died at age 90. Sessions' death comes on what would've been Bush's 96th birthday. Sessions is the third FBI Director or acting Director to die in the past two months and fourth in the past seven months.",https://www.bloomberg.com/news/articles/2020-06-13/william-sessions-fbi-chief-fired-by-bill-clinton-dies-at-90?utm_campaign=socialflow-organic&utm_content=business&utm_source=twitter&utm_medium=social&cmpid=socialflow-twitter-business,TRUE,TRUE
https://twitter.com/MichaelRapaport/status/1271163608093716480,"They removed GONE WITH THE WIND?
The shows COPS,LIVE PD & Paw Patrol all got cancelled literally & figuratively? 
I say cancel COPLAND next & the tv show FRIENDS today.
WTF? #PawPatrol 

Disruptive new 
@iamrapaport
 ia here:

http://Luminary.link/RAPAPORT",https://twitter.com/pawpatrol/status/1267808607694917633,FALSE,FALSE
"
https://twitter.com/mjfree/status/1268739364630212610",A biker gang brutally beat these protesters in Philly today.,"https://www.bbc.com/news/world-us-canada-52932611
",TRUE,TRUE
"
",GRAPHIC! GRAPHIC! BEWARE! DO YOU WANT TO KNOW THE MOST EVIL COUNTRY IN THE WORLD? FUCKING CHINA! I CANNOT STAND YOUR COUNTRY AND HOW FUCKING EVIL YOUR PEOPLE ARE! TRYING TO WIPE OUT THE CORONA VIRUS THEY STARTED BY BURNING PIGS ALIVE! DO NOT EVER VISIT THIS SOULLESS COUNTRY!,https://www.thequint.com/news/webqoof/video-of-pigs-being-burnt-alive-in-pit-by-china-government-over-coronavirus-fact-check,FALSE,FALSE
https://twitter.com/zlj517/status/1221998092083314688,"Chinese speed. Infrastructure maniac. #Wuhan's 1000-bed #Coronavirus hospital, Huoshenshan hospital, will be completed in 9 days. It will be handed over after one day of medical equipment installation.",https://www.bbc.com/news/in-pictures-51280586,TRUE,TRUE
https://twitter.com/Krappenstein1/status/1268008984348426242,"#DavidDorn 

RT @Humble_Chase
: Police just killed a kid in Brooklyn Crown Heights 
üôèüèæ
Pleading face
 #BlackLivesMattter #BlackOutTuesday",https://www.ny1.com/nyc/brooklyn/news/2020/06/03/shooting-brooklyn,TRUE,TRUE
https://twitter.com/DianaBrickell/status/1261043180687912960,"A dude in a KKK hood showed up at my local grocery store ‚Äî CityMarket in Dillon, Colorado ‚Äî today.",https://www.buzzfeednews.com/article/ellievhall/santee-kkk-hood-mask-grocery-california,TRUE,TRUE
https://twitter.com/Brightwyrm/status/1270513113175998464,It‚Äôs official. Seattle‚Äôs Capital Hill neighborhood is calling itself the Capital Hill Autonomous Zone. The police of the 13th precinct have left. #CapitolHill #seattleprotest #SeattleAutonomousZone #Seattle,https://time.com/5851774/seattle-police-capitol-hill-autonomous-zone/,TRUE,TRUE
https://twitter.com/JoeThe46/status/1271156565119324162,"US stocks plummeted in New York, with the Dow falling some 1,800 points, with less than 1 hours left in the trading day. The S&P 500 plummeted 5.2%, and the Nasdaq Composite fell 6.5%.The Nasdaq had soared  cc 
@JoeBiden
 
@TeamJoe
 #TrumpHasNoPlan #JoeBidenForPresident2020 #DowJones",https://edition.cnn.com/2020/06/11/investing/global-stocks-coronavirus-fed/index.html,TRUE,TRUE
https://twitter.com/kadrajmagazin/status/1270699322590584839?s=19,"Demet Evgar, bug√ºn √∂nce dudaƒüƒ±nƒ± arƒ± soktuƒüunu, soktuktan 15 dakika sonrasƒ±nda merdivenlerden yuvarlandƒ±ƒüƒ±nƒ±, daha sonra dudaƒüƒ±nƒ± sokan arƒ±nƒ±n terliƒüinin i√ßine girdiƒüinden terliƒüi giyince bu kez de ayaƒüƒ±nƒ±n √ºst√ºn√º soktuƒüunu ve ≈üu an hastanede olduƒüunu a√ßƒ±kladƒ±.",https://www.kamupersoneli.net/kultur-sanat/demet-evgarin-basina-gelmeyen-kalmadi-once-ari-soktu-sonra-h93141.html,TRUE,TRUE
https://twitter.com/Beytullah_Kuvan/status/1271331117967106048,Sezen Aksu'nun Karaburun‚Äôdaki villasƒ±ndan denize ka√ßak d√∂≈üendiƒüi belirlenen borular belediye ekiplerince s√∂k√ºld√º ve tutanak tutuldu,https://www.cumhuriyet.com.tr/video/sezen-aksunun-villasindan-denize-kacak-dosenen-borular-sokuldu-1744401,TRUE,TRUE
https://twitter.com/lowiqdetected/status/1271052254079049729,"Galatasaraylƒ± bir taraftar, oƒülunun adƒ±nƒ± Muslera koymu≈ü",https://www.milliyet.com.tr/skorer/muslera-ogluna-kendi-adini-koyan-taraftara-tesekkur-etti-6233150,TRUE,TRUE
https://twitter.com/letifttl/status/1084257863223136262,"Ahmet Cengiz isimli bir Galatasaray taraftarƒ± oƒülunun ismini ""Forvet Al"" koymu≈ü.
√áocuƒüun tam ismi: Forvet Al Cengiz 
Taraftara bak ba≈ükana resmen dolaylu yoldan mesaj g√∂ndermi≈ü.

Ba≈ükanƒ±m alƒ±n su forvetti delirttiniz milleti..
#transfer #transfermarkt 
@MstfCngz1905
 
@GalatasaraySK",https://teyit.org/galatasaray-taraftarinin-bebegine-forvet-al-cengiz-ismini-koydugu-iddiasi/,FALSE,FALSE
https://twitter.com/GeeklikOtesine/status/1271027201291554816,"San Diego Comic-Con, 22-26 Temmuz tarihleri arasƒ±nda dijital olarak ger√ßekle≈ütirilecek.","https://www.ntv.com.tr/sanat/san-diego-comic-con-2020-internete-tasiniyor,vrHrPI7B4EuimkRWoccUcA",TRUE,TRUE
https://twitter.com/SickChirpse/status/1055762867960643584,Justin Bieber doesn't know how to eat burritos properly https://sckchr.ps/2Po0yS2,https://www.theverge.com/2018/10/29/18037402/justin-bieber-burrito-yes-theory-prank-youtube,FALSE,FALSE
https://twitter.com/ilerihaber/status/1270611733162479617,"Ne kendisi ne de sanat√ßƒ±larƒ± izleniyor:

Halktan baƒüƒ±≈ü toplayan Cumhurba≈ükanlƒ±ƒüƒ±'nƒ±n 30 milyon TL harcadƒ±ƒüƒ± seyircisiz konserini sadece 7 bin 600 ki≈üi g√∂r√ºnt√ºledi!",https://www.cumhuriyet.com.tr/haber/halktan-bagis-toplanirken-konserlere-30-milyon-tl-mi-harcandi-1744244,TRUE,FALSE
https://twitter.com/YolTV/status/1270814700566085633,"Yeni bir tasarƒ±m harikasƒ±: Rize-Artvin Havalimanƒ±'nƒ±n kulesi '√ßay bardaƒüƒ±' ≈üeklinde olacak

Ula≈ütƒ±rma Bakanlƒ±ƒüƒ±'nca, 766 hektarlƒ±k alanda deniz dolgusuna in≈üa edilecek 2. havalimanƒ±nƒ±n Y√ºzde 68'i tamamlandƒ±. Havalimanƒ±nƒ±n kulesinin √ßay bardaƒüƒ± fig√ºr√º olmasƒ± dikkat √ßekti.",https://tr.sputniknews.com/turkiye/202006101042225064-rize-artvin-havalimaninin-kulesi-cay-bardagi-seklinde-olacak/,TRUE,TRUE
https://twitter.com/Kalingatv/status/1270565507096182785,"Spain Reports No COVID-19 Deaths For 2nd Straight Day
#Spain #COVID19 #World",https://www.rtnnewspaper.com/2020/06/coronavirus-cases-double-in-spain-but-no-new-deaths-for-2nd-consecutive-day/,TRUE,TRUE
https://twitter.com/JameyMessina/status/1268937895324209152,"Seen a headline, in England, cause of Covid you are not allowed to have sex with someone who doesnt already live with you ... 
So many questions, big one...
Whats the enforcement squad on this one look like?",https://www.independent.co.uk/news/uk/home-news/coronavirus-sex-lockdown-law-couples-indoors-england-a9542171.html,TRUE,FALSE
https://twitter.com/jplatt04/status/1270119043089997825,"LEGO Pulls Back Police Playset Affiliate Marketing Amid George Floyd Protests (Updated) ‚Ä¢ The Toy Book ~ 
@LEGO_Group
 is removing playsets featuring police, firefighters & emergency vehicles. Even ditching an adult White House kit.",https://www.factcheck.org/2020/06/lego-temporarily-halts-marketing-not-sales-of-police-toy-sets/,FALSE,FALSE
https://twitter.com/AmmarAlya1/status/1270485753739595777,"ABD Havacƒ±lƒ±k ve Uzay Ajansƒ± (NASA), potansiyel olarak tehlikeli kabul edilen, √∂l√ß√ºleri ise 250-570 metre olarak deƒüerlendirilen 163348 (2002 NN4) g√∂kta≈üƒ±nƒ±n D√ºnya‚Äôya yakla≈ütƒ±ƒüƒ±nƒ± bildirdi.",https://teyit.org/nasa-163348-2002-nn4-adli-goktasiyla-ilgili-tehlike-uyarisi-yapmadi/,FALSE,FALSE
https://twitter.com/croissantcrust1/status/1271592468379627521,"Just found out trans people will be able to be refused health care now. That is me. I am trans and now can be legally discriminated against. I hope everyone who told me ‚Äúit‚Äôs not a big deal for trump to be voted in, he can‚Äôt do real damage‚Äù eats their fuckin words #transgender",https://www.npr.org/sections/health-shots/2020/06/12/868073068/transgender-health-protections-reversed-by-trump-administration,TRUE,TRUE
https://twitter.com/tahir_diablo/status/1271221073992876032,"‚ÄúWe are happy to announce that the PS5 will be priced at $950‚Äù #PS5Reveal 
#Playstation5",https://www.theguardian.com/games/live/2020/jun/11/sony-reveals-the-playstation-5,FALSE,FALSE
https://twitter.com/NoahJamesBangs/status/1271646240262905856,China Shows Off 'World's First' Passenger Drone Service At Luxury Hotel  http://dlvr.it/RYXdqD,https://www.cnbc.com/2019/08/28/chinas-ehang-testing-flights-on-autonomous-passenger-drones.html,TRUE,TRUE
https://twitter.com/Kainin/status/1271859951921696768,"Canadian police shoot and kill Indigenous man in Red Bank, New Brunswick",https://montreal.ctvnews.ca/rcmp-kill-new-brunswick-mi-kmaq-man-quebec-police-watchdog-will-investigate-1.4982770?utm_medium=twitter&utm_source=dlvr.it,TRUE,TRUE
https://twitter.com/FattieTia/status/1271202702467444744,"#Starbucks has banned the ability of any employees to supposed black lives matter, why ?! You allow the support of lgbt ?!",http://www.justjared.com/2020/06/12/starbucks-wont-allow-employees-wear-gear-that-supports-black-lives-matter-for-this-reason/,TRUE,FALSE
https://twitter.com/IndivCincy/status/1271855818963595268,"In reversal, Starbucks will allow employees to wear ‚ÄòBlack Lives Matter‚Äô T-shirts",https://www.washingtonpost.com/business/2020/06/12/starbucks-black-lives-matter/,TRUE,TRUE
https://twitter.com/HopeForAfrica8/status/1270860775381512192,"Hope For Africa: A massacre in Nigeria‚Äôs Borno state left more people dead than months of coronavirus: https://hopefornewafrica.blogspot.com/2020/06/a-massacre-in-nigerias-borno-state-left.html Modu Ajimi, a 42-year-old civil servant in the district of Gubio, lost four cousins in the massacre, also 81 lose lives Tuesday.",https://www.washingtonpost.com/world/africa/nigeria-borno-state-attack-coronavirus/2020/06/10/0147e06a-ab1b-11ea-a43b-be9f6494a87d_story.html,       TRUE,       TRUE
https://twitter.com/ladbrokescomau/status/1270595297983381505,Conor McGregor retired (again) over the weekend but does anybody really expect this one to stick? He‚Äôs backflipped in before and is one of several athletes to retire and then change their minds.,https://www.mirror.co.uk/sport/other-sports/mma/breaking-conor-mcgregor-announces-mma-22151008,TRUE,TRUE
https://twitter.com/allgamblingnews/status/1271148162456133637,LaMarcus Aldridge of the San Antonio Spurs Out for Remainder of Season,https://247sports.com/Article/San-Antonio-Spurs-F-LaMarcus-Aldridge-to-miss-rest-of-NBA-season-147979734/,TRUE,TRUE
https://twitter.com/search?q=canada%20us%20border&src=typed_query,So apparently the Canada-US border will be opening June 22,https://www.nytimes.com/2020/06/12/world/canada/us-canadian-border.html,       TRUE,       TRUE
https://twitter.com/Tennis_Now/status/1174016906795159552,"Roger Federer will play #Wimbledon in 2020, but we'll have to wait to find out what he does after that...",https://www.bbc.com/sport/tennis/52991140,FALSE,FALSE
https://twitter.com/search?q=economy%20uk&src=typed_query,UK economy shrinks 20.4% in April - the largest monthly contraction on record - as full impact of lockdown is felt,https://www.theguardian.com/business/2020/jun/12/britains-gdp-falls-204-in-april-as-economy-is-paralysed-by-lockdown,       TRUE,        TRUE
https://twitter.com/GloriaHamto/status/1271879693835227136,President Trump delivered the 2020 commencement address at West Point,https://www.cbsnews.com/news/west-point-graduation-trump-commencement-address/,TRUE,TRUE
https://twitter.com/TimesEurope/status/1271878836003667969,Parts Of Beijing Under Lockdown After Coronavirus Outbreak Linked To Market https://uk.timesofnews.com/political/parts-of-beijing-under-lockdown-after-coronavirus-outbreak-linked-to-market,https://www.rte.ie/news/2020/0613/1147195-beijing-china-covid/,TRUE,TRUE
https://twitter.com/IhindiT/status/1271878083096784897,Twitter: Turkey slams Twitter for removing thousands of accounts ‚Äì Latest News,https://www.dw.com/en/twitter-slammed-in-china-turkey-russia-after-culling-manipulative-accounts/a-53792179,TRUE,TRUE
https://twitter.com/prat1112001/status/1269223584389492740,"Indigestion Drug to Help Cure Mild COVID-19? After Malaria Treating Hydroxychloroquine, Here's What New Study Says",https://www.nytimes.com/2020/06/03/health/hydroxychloroquine-coronavirus-trump.html,       FALSE,       FALSE 
https://twitter.com/TatoATorres2/status/1271866749005094912,Great move in the right direction!!!LeBron James and Other Stars Form a Voting Rights Group - The New York Times,https://www.nytimes.com/2020/06/10/us/politics/lebron-james-voting-rights.html,TRUE,TRUE
https://twitter.com/Key_says_hi/status/676177974346055680,We can't use solar panels because they drain the sun's energy,https://nationalreport.net/solar-panels-drain-suns-energy-experts-say/,TRUE,FALSE
https://twitter.com/search?q=Turkey%20invaded%20Syria%2C%20supported%20Islamist%20terrorists%2C%20created%20millions%20of%20refugees%20that%20run%20to%20its%20borders%2C%20exploited%20them%2C%20threatened%20Europe%20asking%20for%20money%2C%20and%20now%20they%20are%20sending%20them%20to%20Greece..Disarm&src=typed_query,"Turkey invaded Syria, supported Islamist terrorists, created millions of refugees that run to its borders, exploited them, threatened Europe asking for money, and now they are sending them to Greece..Disarm the Turkish military. International embargo to the Turkish regime now!",https://www.trtworld.com/magazine/in-pictures-turkey-supports-northern-syria-s-response-to-covid-19-35192,         FALSE,        FALSE
https://twitter.com/ISCResearch/status/1271841436783296512,Police cars revolving light #BREAKING ‚Äì #JAPAN: Magnitude #earthquake 6.7 strikes Northwest of Naze. #Tsunami might possibly!,https://www.hawaiinewsnow.com/2020/06/13/no-tsunami-threat-after-quake-shakes-japan/,TRUE,TRUE
https://twitter.com/LucaDa18/status/1265970731340496901,"Nick Calathes and the Barcelona were already in negotiations with a deal of 5.5 million dollars on the table as @Eurohoopsnet had reported, and according to http://Sport24.gr, the Greek-American guard accepted the deal",https://www.eurohoops.net/en/euroleague/1068643/nick-calathes-barcelona-agree-on-three-year-deal/,         TRUE,         TRUE
https://twitter.com/mazighie/status/1271159949905801217,"Greece‚Äôs MoU with Italy ignored the island in the Ionian sea & drew a border over the mainland and gave smaller EEZ to its islands.

Seems Greece has forgotten that its rejection of Libya-Turkey MoU was based on islands have the same rights as mainland regions to an EEZ",https://www.aa.com.tr/en/africa/analysis-strategic-legal-aspects-of-turkey-libya-deal/1673079,          TRUE ,         TRUE 
https://twitter.com/efficacyblog/status/1267507710465056770,"CANNIBAL KILLER SLAUGHTERED AND ATE 23 PIZZA DELIVERY MEN, 6 JEHOVAH WITNESSES, 2 POSTMEN IN PAST 7 YEARS.

Lord deliver us from the enemy of our soul.",https://worldnewsdailyreport.com/cannibal-killer-slaughtered-and-ate-23-pizza-delivery-men-6-jehovah-witnesses-2-postmen-in-past-7-years/,TRUE,FALSE
https://twitter.com/yusufislereng1/status/1249027375477776384,BREAKING: Armenia has requested the help of medical supplies from Turkey.,https://artsakhpress.am/eng/news/124409/foreign-ministry-armenia-has-not-requested-turkey%E2%80%99s-support-in-fighting-coronavirus.html,          FALSE,        FALSE
https://twitter.com/GolferGirl305/status/1271860728958459905,"TRIGGER WARNING: #AtlantaShooting

27 year old Black man falls asleep in his car at Wendy's. They call the cops and they kill him.

Shooting someone in the back running away from you isn't only unlawful but it's cowardly.

Notice 2 of them couldn't even arrest him? Theyre weak AF",https://www.ajc.com/news/crime--law/man-shot-killed-atlanta-police-wendy-drive-thru/rUUFN6yfvgsevgIc2Q7ZkJ/,TRUE,TRUE
https://twitter.com/RaheemKassam/status/1271202888413560832,"BREAKING: Twitter Admits China Used Nearly 200,000 Fake Accounts To Influence Politics, 150x More Than Russia",https://www.nytimes.com/2020/06/11/technology/twitter-chinese-misinformation.html,TRUE,TRUE
https://twitter.com/andreasmoun/status/1269928821073088521,"Byzantine flag placed on Mosque in #Cyprus  

#Cyprus #Greece",https://www.trtworld.com/turkey/turkey-slams-flying-of-byzantine-flag-on-mosque-in-greek-cyprus-37064,TRUE,TRUE
https://twitter.com/JohnRad450/status/1220812641259675654,"I dont have to worry about this but may you should ask for your hair clips after your next cut. 

Hairdresser arrested for making voodoo dolls from customers' hair",https://worldnewsdailyreport.com/hairdresser-arrested-for-making-voodoo-dolls-from-customers-hair/,TRUE,FALSE
https://twitter.com/True_Transfers/status/1267381275633029120,EXCLUSIVE: Sources have confirmed to us that Saul Niguez's @saulniguez new club will be Leeds United. He sees them as the best option now their promotion to the PL is all but confirmed. He rejected Manchester United for the chance to work with Marco Bielsa #saulniguez #lufc #MUFC,https://www.unitedinfocus.com/news/saul-niguez-makes-his-new-club-announcement-to-end-mystery/,        FALSE,       FALSE 
https://twitter.com/HowieCarrShow/status/1183786287322554368,"ABC News ‚Äòslaughter in Syria‚Äô footage appears to come from a Kentucky gun range https://washex.am/2VFomSd FAKE NEWS DU JOUR... FROM THE NETWORK THAT HAS TOMORROW'S HUNTER S. BIDEN ""EXCLUSIVE""",https://www.aa.com.tr/en/fact-check/smear-campaign-of-abc-news-against-turkey-exposed/1613827,       FALSE,       FALSE 